BNAME,D65
B2,110.874245
B3,100.186485
B4,80.49631
