BNAME,D65
B2,110.92403
B3,100.39714
B4,80.53888
