BNAME,D65
B2,110.98991710858783
B3,100.35192387076715
B4,80.54649173884155
