BNAME,D65
B2,110.87433050316395
B3,100.18654558119582
B4,80.49630538463326
