BNAME,D65
B2,110.92411303104056
B3,100.39719577162403
B4,80.53888036745897
