BNAME,D65
B2,110.90475828921657
B3,100.25343436507504
B4,80.50552163600895
